latitude,longitude,bdod,clay,nitrogen,phh2o,sand,silt,soc,state
29.5,74.42,1.45,22.7,0.98,7.8,55.1,22.2,10.3,Punjab
29.5,75.04,1.47,19.3,1.02,8.0,51.4,29.3,11.6,Punjab
29.5,75.66,1.5,23.7,1.42,7.8,48.0,28.3,10.1,Punjab
29.5,76.28,1.47,24.3,1.36,7.8,42.7,33.0,11.8,Punjab
29.5,76.9,1.42,26.8,1.15,8.8,36.3,36.9,10.4,Punjab
30.1,73.8,1.46,23.5,1.03,8.1,50.2,26.3,8.5,Punjab
30.1,74.42,1.43,24.1,1.31,7.9,46.2,29.7,12.3,Punjab
30.1,75.04,1.5,23.4,1.56,8.0,48.9,27.6,12.3,Punjab
30.1,75.66,1.43,27.1,1.28,8.1,39.5,33.4,12.0,Punjab
30.1,76.28,1.46,29.6,1.14,8.1,29.5,40.9,11.5,Punjab
30.1,76.9,1.42,23.4,1.34,7.4,34.8,41.8,20.3,Punjab
30.7,73.8,1.46,20.7,1.09,7.9,40.0,39.3,11.6,Punjab
30.7,74.42,1.44,24.6,1.32,7.8,45.3,30.1,11.0,Punjab
30.7,75.04,1.46,22.6,1.64,7.8,42.0,35.4,15.5,Punjab
30.7,75.66,1.45,28.9,1.16,7.9,36.3,34.8,13.1,Punjab
30.7,76.28,1.49,33.2,1.33,7.6,34.1,32.7,17.0,Punjab
30.7,76.9,1.31,23.2,2.4,6.3,44.2,32.6,36.5,Punjab
31.3,73.8,1.57,17.0,0.95,8.0,35.4,47.6,11.3,Punjab
31.3,74.42,1.59,19.6,1.04,8.0,32.9,47.5,12.7,Punjab
31.3,75.04,1.47,28.2,1.12,7.8,35.8,36.0,13.3,Punjab
31.3,75.66,1.49,24.6,1.19,7.8,44.5,31.0,12.5,Punjab
31.3,76.28,1.39,20.1,2.49,6.4,48.6,31.3,31.2,Punjab
31.9,73.8,1.62,30.8,0.85,8.2,22.0,47.3,12.1,Punjab
31.9,74.42,1.59,36.0,1.45,8.6,25.6,38.5,14.8,Punjab
31.9,75.66,1.43,23.5,1.96,7.3,37.5,39.0,21.4,Punjab
31.9,76.28,1.33,27.2,5.24,6.3,42.7,30.0,53.6,Punjab
31.9,76.9,1.17,25.3,6.84,5.7,41.8,32.9,57.0,Punjab
27.6,74.4,1.51,25.5,0.68,7.7,54.2,20.4,5.6,Haryana
27.6,75.04,1.48,22.6,0.78,7.6,47.8,29.6,8.9,Haryana
27.6,75.68,1.49,28.7,0.78,7.5,45.1,26.2,8.1,Haryana
27.6,76.32,1.47,23.7,1.28,7.4,44.7,31.6,11.5,Haryana
27.6,76.96,1.43,23.6,1.23,7.5,47.3,29.1,11.1,Haryana
27.6,77.6,1.43,28.2,1.29,8.1,42.1,29.7,10.5,Haryana
28.26,75.04,1.43,24.1,0.84,7.8,45.7,30.2,6.5,Haryana
28.26,75.68,1.48,25.9,1.0,7.5,48.0,26.2,9.4,Haryana
28.26,76.32,1.5,28.8,0.99,7.6,39.7,31.5,10.0,Haryana
28.26,76.96,1.45,30.2,0.93,7.9,43.2,26.6,10.0,Haryana
28.26,77.6,1.44,23.1,1.25,8.6,46.9,30.1,9.8,Haryana
28.92,74.4,1.44,21.1,0.85,8.1,57.6,21.3,5.2,Haryana
28.92,75.04,1.41,23.2,0.84,8.0,65.7,11.1,7.9,Haryana
28.92,75.68,1.39,21.5,0.94,7.8,49.9,28.6,9.0,Haryana
28.92,76.32,1.48,20.7,1.04,7.8,43.4,35.9,10.4,Haryana
28.92,76.96,1.43,26.5,1.13,8.3,37.9,35.6,9.7,Haryana
28.92,77.6,1.38,18.5,1.3,7.7,40.2,41.3,13.6,Haryana
29.58,74.4,1.43,26.1,1.36,8.0,51.0,22.9,10.0,Haryana
29.58,75.04,1.45,18.7,1.17,7.8,52.7,28.7,8.5,Haryana
29.58,75.68,1.48,22.6,1.5,8.0,47.4,30.0,8.8,Haryana
29.58,76.96,1.43,27.9,1.33,8.4,35.8,36.3,15.0,Haryana
29.58,77.6,1.39,27.4,1.41,7.2,37.0,35.6,19.4,Haryana
30.24,74.4,1.41,23.3,1.15,7.8,45.7,31.0,12.8,Haryana
30.24,75.04,1.46,24.6,1.29,7.6,48.6,26.8,9.0,Haryana
30.24,75.68,1.43,26.7,1.03,7.9,35.6,37.7,10.9,Haryana
30.24,76.32,1.45,37.4,1.39,8.2,22.6,40.0,13.4,Haryana
30.24,76.96,1.41,22.3,1.28,7.2,40.8,36.9,19.0,Haryana
30.24,77.6,1.29,27.0,2.05,6.7,41.3,31.8,21.7,Haryana
23.8,77.0,1.65,38.3,1.07,7.3,30.1,31.6,9.6,Uttar Pradesh
23.8,78.52,1.64,37.8,1.22,7.2,22.2,40.0,10.3,Uttar Pradesh
23.8,80.04,1.68,38.5,1.57,7.1,27.6,33.9,13.0,Uttar Pradesh
23.8,81.56,1.63,38.8,1.34,7.3,20.8,40.4,12.0,Uttar Pradesh
23.8,83.08,1.58,36.8,1.42,7.1,15.8,47.4,14.7,Uttar Pradesh
23.8,84.6,1.52,40.6,1.41,6.9,20.9,38.4,17.0,Uttar Pradesh
25.12,77.0,1.61,29.8,1.03,7.0,38.6,31.6,8.7,Uttar Pradesh
25.12,78.52,1.43,28.2,1.4,7.3,41.1,30.8,8.9,Uttar Pradesh
25.12,80.04,1.57,22.7,1.07,7.3,41.2,36.2,7.9,Uttar Pradesh
25.12,81.56,1.49,26.8,1.43,7.4,33.5,39.7,8.6,Uttar Pradesh
25.12,83.08,1.45,33.5,1.42,7.5,25.6,41.0,14.5,Uttar Pradesh
25.12,84.6,1.42,30.9,1.79,7.6,25.7,43.4,18.9,Uttar Pradesh
26.44,77.0,1.51,25.2,1.16,7.1,50.6,24.3,11.4,Uttar Pradesh
26.44,78.52,1.41,27.5,1.5,8.0,41.3,31.2,11.5,Uttar Pradesh
26.44,80.04,1.34,25.1,1.56,7.3,37.7,37.2,17.7,Uttar Pradesh
26.44,81.56,1.33,28.5,1.3,7.4,30.8,40.7,12.2,Uttar Pradesh
26.44,83.08,1.33,20.8,1.49,7.5,32.4,46.8,20.2,Uttar Pradesh
26.44,84.6,1.25,25.3,1.34,7.1,35.2,39.5,34.9,Uttar Pradesh
27.76,77.0,1.43,23.6,1.3,7.6,49.5,26.9,8.8,Uttar Pradesh
27.76,78.52,1.4,21.4,1.27,9.2,46.0,32.6,11.8,Uttar Pradesh
27.76,80.04,1.32,23.2,1.48,7.2,34.1,42.7,15.1,Uttar Pradesh
27.76,81.56,1.36,25.0,1.32,6.9,38.6,36.4,16.7,Uttar Pradesh
27.76,83.08,1.27,21.1,1.81,6.2,39.7,39.2,43.0,Uttar Pradesh
27.76,84.6,1.21,22.3,3.2,5.5,31.3,46.3,41.8,Uttar Pradesh
29.08,77.0,1.42,28.7,1.25,8.7,36.9,34.3,10.0,Uttar Pradesh
29.08,78.52,1.31,24.7,1.29,7.0,37.2,38.1,19.8,Uttar Pradesh
29.08,80.04,1.21,24.1,2.79,6.1,35.4,40.4,49.7,Uttar Pradesh
29.08,81.56,1.11,23.2,5.65,5.8,33.8,43.0,67.5,Uttar Pradesh
29.08,83.08,1.07,14.5,3.66,6.4,49.0,36.6,35.3,Uttar Pradesh
29.08,84.6,1.15,13.6,3.13,6.9,54.0,32.5,28.6,Uttar Pradesh
21.0,74.0,1.55,44.5,1.59,6.9,28.3,27.2,11.9,Madhya Pradesh
21.0,75.76,1.54,41.3,1.1,7.4,34.1,24.6,8.3,Madhya Pradesh
21.0,77.52,1.62,42.0,1.21,7.5,22.6,35.3,9.8,Madhya Pradesh
21.0,79.28,1.64,45.5,1.54,7.3,19.0,35.5,12.5,Madhya Pradesh
21.0,81.04,1.54,40.5,1.76,6.9,24.5,35.0,15.3,Madhya Pradesh
21.0,82.8,1.47,36.3,1.62,7.1,24.3,39.4,13.4,Madhya Pradesh
22.18,74.0,1.63,35.1,1.43,7.3,30.5,34.4,9.5,Madhya Pradesh
22.18,75.76,1.61,34.4,1.39,7.3,26.7,38.9,8.1,Madhya Pradesh
22.18,77.52,1.53,47.1,1.74,6.9,21.1,31.8,16.7,Madhya Pradesh
22.18,79.28,1.59,37.6,1.26,7.2,13.7,48.7,14.7,Madhya Pradesh
22.18,81.04,1.35,41.9,1.85,6.1,19.5,38.6,31.0,Madhya Pradesh
22.18,82.8,1.51,48.5,1.8,7.1,19.3,32.2,17.4,Madhya Pradesh
23.36,74.0,1.59,20.8,1.46,7.4,39.5,39.7,9.5,Madhya Pradesh
23.36,75.76,1.66,50.9,0.95,7.6,18.1,31.0,8.1,Madhya Pradesh
23.36,77.52,1.71,37.4,1.31,7.2,27.0,35.6,9.1,Madhya Pradesh
23.36,79.28,1.68,39.4,1.26,7.0,19.9,40.7,12.7,Madhya Pradesh
23.36,81.04,1.67,40.8,1.43,7.4,21.9,37.3,9.6,Madhya Pradesh
23.36,82.8,1.61,42.4,1.64,7.2,15.8,41.8,15.3,Madhya Pradesh
24.54,74.0,1.6,33.0,1.37,7.5,33.2,33.8,8.4,Madhya Pradesh
24.54,75.76,1.65,31.1,1.31,7.2,39.1,29.8,8.8,Madhya Pradesh
24.54,77.52,1.61,30.0,1.11,7.2,34.2,35.7,9.6,Madhya Pradesh
24.54,79.28,1.6,27.1,1.4,7.0,30.5,42.3,13.8,Madhya Pradesh
24.54,81.04,1.62,31.8,1.25,7.4,27.7,40.4,11.0,Madhya Pradesh
24.54,82.8,1.57,37.6,1.82,7.0,20.5,41.9,18.7,Madhya Pradesh
25.72,74.0,1.53,27.3,1.41,7.4,45.0,27.7,9.3,Madhya Pradesh
25.72,75.76,1.47,22.3,1.04,7.5,47.4,30.2,8.5,Madhya Pradesh
25.72,77.52,1.54,27.7,1.1,7.2,42.5,29.8,8.4,Madhya Pradesh
25.72,79.28,1.4,27.7,1.18,7.7,39.0,33.3,13.2,Madhya Pradesh
25.72,81.04,1.37,16.4,1.43,7.0,28.5,55.1,10.1,Madhya Pradesh
25.72,82.8,1.39,31.9,1.28,7.3,27.4,40.7,17.8,Madhya Pradesh
23.0,69.5,1.52,21.9,1.15,7.1,50.8,27.3,8.2,Rajasthan
23.0,71.26,1.55,21.4,1.26,7.1,52.4,26.2,8.6,Rajasthan
23.0,73.02,1.53,35.6,1.73,7.5,30.2,34.2,10.2,Rajasthan
23.0,74.78,1.61,41.9,1.09,7.4,22.4,35.7,9.0,Rajasthan
23.0,76.54,1.66,41.2,1.33,7.4,18.4,40.3,11.3,Rajasthan
23.0,78.3,1.64,37.8,1.27,7.5,22.7,39.4,12.1,Rajasthan
24.44,69.5,1.48,29.8,0.63,7.7,50.4,19.9,3.9,Rajasthan
24.44,71.26,1.26,23.1,0.67,7.3,40.7,36.3,23.8,Rajasthan
24.44,73.02,1.49,21.3,1.74,7.3,43.5,35.1,13.8,Rajasthan
24.44,74.78,1.65,36.5,1.22,7.4,26.4,37.0,7.7,Rajasthan
24.44,76.54,1.63,27.9,1.22,7.4,40.7,31.3,8.4,Rajasthan
24.44,78.3,1.61,33.0,1.21,7.4,28.5,38.4,8.5,Rajasthan
25.88,69.5,1.43,29.0,0.41,8.0,49.6,21.5,4.4,Rajasthan
25.88,71.26,1.49,19.7,0.45,7.8,58.2,22.1,4.4,Rajasthan
25.88,73.02,1.44,23.1,1.21,7.5,53.5,23.4,5.9,Rajasthan
25.88,74.78,1.52,21.6,1.07,7.5,33.5,44.9,8.6,Rajasthan
25.88,76.54,1.52,26.9,1.23,7.5,41.6,31.5,8.1,Rajasthan
25.88,78.3,1.49,29.0,1.16,7.5,40.6,30.4,8.6,Rajasthan
27.32,69.5,1.45,25.5,0.57,8.0,52.5,21.9,4.4,Rajasthan
27.32,71.26,1.48,23.0,0.61,8.1,62.8,14.2,6.7,Rajasthan
27.32,73.02,1.48,23.7,0.47,7.9,53.9,22.4,5.3,Rajasthan
27.32,74.78,1.44,26.2,0.73,7.6,37.3,36.5,6.1,Rajasthan
27.32,76.54,1.45,23.0,1.65,7.2,46.9,30.1,17.4,Rajasthan
27.32,78.3,1.36,25.2,1.43,8.1,40.4,34.4,13.3,Rajasthan
28.76,69.5,1.46,17.2,0.41,8.2,54.5,28.4,3.5,Rajasthan
28.76,71.26,1.49,23.9,0.64,8.0,45.0,31.1,4.9,Rajasthan
28.76,73.02,1.46,21.0,0.86,8.0,52.6,26.4,8.5,Rajasthan
28.76,74.78,1.44,24.0,0.85,8.0,61.9,14.0,6.2,Rajasthan
28.76,76.54,1.42,26.4,1.22,8.0,40.7,32.9,12.0,Rajasthan
28.76,78.3,1.37,20.8,1.24,7.3,41.8,37.4,13.2,Rajasthan
